Workbook

Sheet Tab. 1 (Patientenbezogen)
A1: Verweis nach QS-V § 7 | D1: Abs. 1 | H1: Abs. 1 b) | I1: Abs. 1 c) | J1: Abs. 1 d) | K1: Abs. 1 e) | L1: Abs. 1 f) | M1: Abs. 1 g) | N1: Abs. 1 h) | O1: Abs. 1 i)
A2: Feldbeschreibung | B2: Datenjahr | C2: Einsender Pseudonym | D2: Mit TM betreute Patienten mit Implantaten | E2: Mit TM betreute Patienten mit externen Geräten | F2: Patienten mit normalen TM | G2: Patienten mit intensi-vierten TM | H2: TMZ hat vorübergehend die Funktion des PBA übernommen | I2: Alter des Patienten | J2: Anteil der Tage mit vollständiger Datenübertragung | K2: Anzahl der Benachrichtigungen an den PBA | L2: Im Zeitraum eines Jahres vor Beginn des Telemonitorings mindestens eine stationäre Aufnahme wegen kardialer Dekompensation | M2: Anzahl der stationären Aufnahmen wegen kardialer Dekompensation (im Zeitraum eines Jahres vor Beginn des Telemonitorings) | N2: Im Berichtszeitraum mindestens eine stationäre Aufnahme wegen kardialer Dekompensation | O2: Anzahl der stationären Aufnahmen wegen kardialer Dekompensation im Berichtszeitraum
A3: Feldname nach Anforderungskatalog | B3: DATENJAHR | C3: EINSENDER_PSEUDONYM | D3: TM_PAT_IMP | E3: TM_PAT_EXT_GT | F3: TM_PAT_NORM | G3: TM_PAT_INT | H3: TMT_PBA | I3: PAT_ALTER | J3: ANT_TAGE | K3: ANZ_BNR_PBA | L3: STAT_AUFN_VOR_TM | M3: STAT_AUFN_TM | N3: STAT_AUFN_BRZR | O3: STAT_AUFN
A4: Feldnr. nach Anforderungskatalog | B4: 01 | C4: 02 | D4: 03 | E4: 04 | F4: 05 | G4: 06 | H4: 07 | I4: 08 | J4: 09 | K4: 10 | L4: 11 | M4: 12 | N4: 13 | O4: 14
B5: 2023 | C5: 17-87H5 | D5: 1 | E5: 0 | F5: 1 | G5: 0 | H5: 1 | I5: 72 | J5: 0.8 | K5: 3 | L5: 1 | M5: 0 | N5: 1 | O5: 5
B6: 2023 | C6: 17-87H5 | D6: 1 | E6: 0 | F6: 1 | G6: 0 | H6: 0 | I6: 84 | J6: 0.94 | K6: 27 | L6: 0 | N6: 1 | O6: 3
B7: 2023 | C7: 17-87H5 | D7: 0 | E7: 1 | F7: 0 | G7: 1 | H7: 0 | I7: 77 | J7: 0.36 | K7: 34 | L7: 1 | M7: 5 | N7: 1 | O7: 4
B8: 2023 | C8: 17-87H5 | D8: 0 | E8: 1 | F8: 0 | G8: 1 | H8: 1 | I8: 56 | J8: 0.91 | K8: 5 | L8: 0 | N8: 1 | O8: 3
B9: 2023 | C9: 17-87H5 | D9: 1 | E9: 0 | F9: 0 | G9: 1 | H9: 1 | I9: 66 | J9: 0.97 | K9: 2 | L9: 1 | M9: 3 | N9: 0
B10: 2023 | C10: 17-87H5 | D10: 1 | E10: 0 | F10: 1 | G10: 0 | H10: 0 | I10: 79 | J10: 1 | K10: 33 | L10: 1 | M10: 8 | N10: 1 | O10: 3
B11: 2023 | C11: 17-87H5 | D11: 1 | E11: 0 | F11: 0 | G11: 1 | H11: 1 | I11: 46 | J11: 0.7 | K11: 24 | L11: 0 | N11: 1 | O11: 6
B12: 2023 | C12: 17-87H5 | D12: 1 | E12: 0 | F12: 0 | G12: 1 | H12: 0 | I12: 89 | J12: 0.56 | K12: 4 | L12: 1 | M12: 7 | N12: 0
B13: 2023 | C13: 17-87H5 | D13: 0 | E13: 1 | F13: 0 | G13: 1 | H13: 0 | I13: 67 | J13: 0.99 | K13: 0 | L13: 0 | N13: 1 | O13: 3
B14: 2023 | C14: 17-87H5 | D14: 0 | E14: 1 | F14: 1 | G14: 0 | H14: 1 | I14: 94 | J14: 0.87 | K14: 1 | L14: 1 | M14: 6 | N14: 1 | O14: 1
B15: 2023 | C15: 17-87H5 | D15: … | E15: … | F15: … | G15: … | H15: … | I15: … | J15: … | K15: … | L15: … | M15: … | N15: … | O15: …
B16: 2023 | C16: 17-87H5 | D16: … | E16: … | F16: … | G16: … | H16: … | I16: … | J16: … | K16: … | L16: … | M16: … | N16: … | O16: …
A18: Ausfüllhinweise | D18: Für jede zutreffende Zuordnung ist jeweils eine "1" im betreffenden Feld einzutragen. Wenn nicht zutreffend, keine Angabe. Patienten können entweder mit Implantaten oder mit externen Geräten dokumentiert werden (s. EBM). Patienten werden normales oder intensiviertes Monitoring dokumentiert, je nachdem , welche Zuordnung länger im Dokumentationszeitraum bestand. Die Jahresstatsistik wird in die 4 verschiedenen Gruppen gemäß den Spalten B bis E aufgeteilt. | H18: einstellige Zahl; wenn zutreffend = 1; sonst keine Angabe. | I18: dreistellige Zahl ohne führende Null (Beispiel: 23) | J18: einstellige Zahl mit zwei Nachkomma-stellen (Beispiel: 0.75 oder 1.00) | K18: zweistellige Zahl ohne führende Null (Beispiel: 4 oder 34) | L18: einstellige Zahl; wenn zutreffend = 1; sonst keine Angabe. Diese Zahl bezieht sich auf den Zustand vor Beginn des TM . Diese Angabe muss für jeden Pat. IN JEDER Jahresstatistik wiederholt angegeben werden. | M18: zweistellige Zahl, ohne führende Null (Beispiel: 8 oder 11) Eintragungen in dieses Feld nur möglich, wenn es Eintragungen in Tabelle gem. Abs.1 f) gibt (Feld zuvor) | N18: einstellige Zahl; wenn zutreffend = 1; sonst keine Angabe. | O18: zweistellige Zahl, ohne führende Null. (Beispiel: 8 oder 11) Eintragungen in dieses Feld nur mgl., wenn es Eintragungen in Tabelle gem. Abs.1 h) gibt (Feld zuvor)
A19: Die Angabe zu QS-V § 7 Abs. 1 a) (Anzahl der vom TMZ mit TM versorgten Patienten) muss anhand der entsprechenden TM-Art berechnet werden.

Sheet Tab.2 (Jahresstatistik)
A1: Verweis nach QS-V § 7 Abs. 1 | G1: a) | H1: b) | I1: c) | L1: d) | O1: e) | R1: f) | S1: g) | V1: h) | W1: i)
B2: Satzart | C2: Datenjahr | D2: KV-Nr. | E2: Einsender Pseudonym | F2: TM-Art | G2: Anzahl der vom TMZ mit Telemonitoring versorgten Patienten | H2: Anzahl der Patienten, bei denen das TMZ vorübergehend die Funktion des PBA über-nommen hat | I2: Alter der Patienten in Jahren | L2: Anteil der Tage mit vollständiger Datenübertragung | O2: Anzahl der Benachrichtigungen an den PBA | R2: Anzahl der Patienten, die im Zeitraum eines Jahres vor Beginn des Telemonitorings mindestens eine stationäre Aufnahme wegen kardialer Dekompen-sation hatten | S2: Anzahl der stationären Aufnahmen wegen kardialer Dekompensation bei Patienten nach f) | V2: Anzahl der Patienten, die im Berichts-zeitraum mindestens eine stationäre Aufnahme wegen kardialer Dekompen-sation hatten | W2: Anzahl der stationären Aufnahmen wegen kardialer Dekompensation bei Patienten nach h)
A3: Feldname nach Anforderungskatalog | B3: TMZ_HI | C3: DATENJAHR | D3: KV_NR | E3: EINSENDER_PSEUDONYM | F3: TM_ART | G3: ANZ_PAT | H3: ANZ_PAT_TMZ | I3: MD_PAT_ALTER | J3: MW_PAT_ALTER | K3: SD_PAT_ALTER | L3: MD_ANT_DBTRG | M3: MW_ANT_DBTRG | N3: SD_ANT_DBTRG | O3: MD_ANZ_BNR_PBA | P3: MW_ANZ_BNR_PBA | Q3: SD_ANZ_BNR_PBA | R3: ANZ_PAT_STAT_VOR_TMZ | S3: MD_ANZ_PAT_STAT_VOR_TMZ | T3: MW_ANZ_PAT_STAT_VOR_TMZ | U3: SD_ANZ_PAT_STAT_VOR_TMZ | V3: ANZ_PAT_STAT_TMZ | W3: MD_ANZ_PAT_STAT_TMZ | X3: MW_ANZ_PAT_STAT_TMZ | Y3: SD_ANZ_PAT_STAT_TMZ
A4: Feldnr. nach Anforderungskatalog | B4: 00 | C4: 01 | D4: 02 | E4: 03 | F4: 04 | G4: 05 | H4: 06 | I4: 07 | J4: 08 | K4: 09 | L4: 10 | M4: 11 | N4: 12 | O4: 13 | P4: 14 | Q4: 15 | R4: 16 | S4: 17 | T4: 18 | U4: 19 | V4: 20 | W4: 21 | X4: 22 | Y4: 23
B5: Festwert | C5: Jahr | D5: KV-Nr. | G5: Anzahl | H5: Anzahl | I5: Md | J5: MW | K5: SD | L5: Md | M5: MW | N5: SD | O5: Md | P5: MW | Q5: SD | R5: Anzahl | S5: Md | T5: MW | U5: SD | V5: Anzahl | W5: Md | X5: MW | Y5: SD
A6: Telemonitoring mit Implantaten | B6: TMZ_HI | C6: 2023 | D6: 17 | E6: 17-87H5 | F6: 1 | G6: =COUNT('Tab. 1 (Patientenbezogen)'!D5,'Tab. 1 (Patientenbezogen)'!D6,'Tab. 1 (Patientenbezogen)'!D9,'Tab. 1 (Patientenbezogen)'!D10,'Tab. 1 (Patientenbezogen)'!D11,'Tab. 1 (Patientenbezogen)'!D12) -> 6 | H6: =COUNT('Tab. 1 (Patientenbezogen)'!H5,'Tab. 1 (Patientenbezogen)'!H9,'Tab. 1 (Patientenbezogen)'!H11) -> 3 | I6: =ROUND(MEDIAN('Tab. 1 (Patientenbezogen)'!I5:I6,'Tab. 1 (Patientenbezogen)'!I9,'Tab. 1 (Patientenbezogen)'!I10,'Tab. 1 (Patientenbezogen)'!I11,'Tab. 1 (Patientenbezogen)'!I12),1) -> 75.5 | J6: =ROUND(('Tab. 1 (Patientenbezogen)'!I5+'Tab. 1 (Patientenbezogen)'!I6+'Tab. 1 (Patientenbezogen)'!I9+'Tab. 1 (Patientenbezogen)'!I10+'Tab. 1 (Patientenbezogen)'!I11+'Tab. 1 (Patientenbezogen)'!I12)/G6,2) -> 72.67 | K6: =ROUND(STDEV('Tab. 1 (Patientenbezogen)'!I5:I6,'Tab. 1 (Patientenbezogen)'!I9,'Tab. 1 (Patientenbezogen)'!I10,'Tab. 1 (Patientenbezogen)'!I11,'Tab. 1 (Patientenbezogen)'!I12),2) -> 15.44 | L6: =ROUND(MEDIAN('Tab. 1 (Patientenbezogen)'!J5:J6,'Tab. 1 (Patientenbezogen)'!J9:J12),2) -> 0.87 | M6: =ROUND(('Tab. 1 (Patientenbezogen)'!J5+'Tab. 1 (Patientenbezogen)'!J6+'Tab. 1 (Patientenbezogen)'!J9+'Tab. 1 (Patientenbezogen)'!J10+'Tab. 1 (Patientenbezogen)'!J11+'Tab. 1 (Patientenbezogen)'!J12)/G6,2) -> 0.83 | N6: =ROUND(STDEV('Tab. 1 (Patientenbezogen)'!J5:J6,'Tab. 1 (Patientenbezogen)'!J9:J12),2) -> 0.17 | O6: =ROUND(MEDIAN('Tab. 1 (Patientenbezogen)'!K5:K6,'Tab. 1 (Patientenbezogen)'!K9:K12),2) -> 14 | P6: =ROUND(('Tab. 1 (Patientenbezogen)'!K5+'Tab. 1 (Patientenbezogen)'!K6+'Tab. 1 (Patientenbezogen)'!K9+'Tab. 1 (Patientenbezogen)'!K10+'Tab. 1 (Patientenbezogen)'!K11+'Tab. 1 (Patientenbezogen)'!K12)/G6,2) -> 15.5 | Q6: =ROUND(STDEV('Tab. 1 (Patientenbezogen)'!K5:K6,'Tab. 1 (Patientenbezogen)'!K9:K12),2) -> 14.01 | R6: =COUNT('Tab. 1 (Patientenbezogen)'!L5,'Tab. 1 (Patientenbezogen)'!L9,'Tab. 1 (Patientenbezogen)'!L10,'Tab. 1 (Patientenbezogen)'!L12) -> 4 | S6: =ROUND(MEDIAN('Tab. 1 (Patientenbezogen)'!M5,'Tab. 1 (Patientenbezogen)'!M9,'Tab. 1 (Patientenbezogen)'!M10,'Tab. 1 (Patientenbezogen)'!M12),2) -> 5 | T6: =ROUND(('Tab. 1 (Patientenbezogen)'!M5+'Tab. 1 (Patientenbezogen)'!M9+'Tab. 1 (Patientenbezogen)'!M10+'Tab. 1 (Patientenbezogen)'!M12)/R6,2) -> 4.5 | U6: =ROUND(STDEV('Tab. 1 (Patientenbezogen)'!M5,'Tab. 1 (Patientenbezogen)'!M9,'Tab. 1 (Patientenbezogen)'!M10,'Tab. 1 (Patientenbezogen)'!M12),2) -> 3.7 | V6: =COUNT('Tab. 1 (Patientenbezogen)'!N5,'Tab. 1 (Patientenbezogen)'!N6,'Tab. 1 (Patientenbezogen)'!N10,'Tab. 1 (Patientenbezogen)'!N11) -> 4 | W6: =ROUND(MEDIAN('Tab. 1 (Patientenbezogen)'!O5,'Tab. 1 (Patientenbezogen)'!O6,'Tab. 1 (Patientenbezogen)'!O10,'Tab. 1 (Patientenbezogen)'!O11),2) -> 4 | X6: =ROUND(('Tab. 1 (Patientenbezogen)'!O5+'Tab. 1 (Patientenbezogen)'!O6+'Tab. 1 (Patientenbezogen)'!O10+'Tab. 1 (Patientenbezogen)'!O11)/V6,2) -> 4.25 | Y6: =ROUND(STDEV('Tab. 1 (Patientenbezogen)'!O5,'Tab. 1 (Patientenbezogen)'!O6,'Tab. 1 (Patientenbezogen)'!O10,'Tab. 1 (Patientenbezogen)'!O11),2) -> 1.5
A7: Telemonitoring mit externen Geräten | B7: TMZ_HI | C7: 2023 | D7: 17 | E7: 17-87H5 | F7: 2 | G7: =COUNT('Tab. 1 (Patientenbezogen)'!E7,'Tab. 1 (Patientenbezogen)'!E8,'Tab. 1 (Patientenbezogen)'!E13,'Tab. 1 (Patientenbezogen)'!E14) -> 4 | H7: =COUNT('Tab. 1 (Patientenbezogen)'!H8,'Tab. 1 (Patientenbezogen)'!H14) -> 2 | I7: =ROUND(MEDIAN('Tab. 1 (Patientenbezogen)'!I7:I8,'Tab. 1 (Patientenbezogen)'!I13:I14),1) -> 72 | J7: =ROUND(('Tab. 1 (Patientenbezogen)'!I7+'Tab. 1 (Patientenbezogen)'!I8+'Tab. 1 (Patientenbezogen)'!I13+'Tab. 1 (Patientenbezogen)'!I14)/G7,2) -> 73.5 | K7: =ROUND(STDEV('Tab. 1 (Patientenbezogen)'!I7:I8,'Tab. 1 (Patientenbezogen)'!I13:I14),2) -> 16.13 | L7: =ROUND(MEDIAN('Tab. 1 (Patientenbezogen)'!J7:J8,'Tab. 1 (Patientenbezogen)'!J13:J14),2) -> 0.89 | M7: =ROUND(('Tab. 1 (Patientenbezogen)'!J7+'Tab. 1 (Patientenbezogen)'!J8+'Tab. 1 (Patientenbezogen)'!J13+'Tab. 1 (Patientenbezogen)'!J14)/G7,2) -> 0.78 | N7: =ROUND(STDEV('Tab. 1 (Patientenbezogen)'!J7:J8,'Tab. 1 (Patientenbezogen)'!J13:J14),2) -> 0.29 | O7: =ROUND(MEDIAN('Tab. 1 (Patientenbezogen)'!K7:K8,'Tab. 1 (Patientenbezogen)'!K13:K14),2) -> 3 | P7: =ROUND(('Tab. 1 (Patientenbezogen)'!K7+'Tab. 1 (Patientenbezogen)'!K8+'Tab. 1 (Patientenbezogen)'!K13+'Tab. 1 (Patientenbezogen)'!K14)/G7,2) -> 10 | Q7: =ROUND(STDEV('Tab. 1 (Patientenbezogen)'!K7:K8,'Tab. 1 (Patientenbezogen)'!K13:K14),2) -> 16.15 | R7: =COUNT('Tab. 1 (Patientenbezogen)'!L7,'Tab. 1 (Patientenbezogen)'!L14) -> 2 | S7: =ROUND(MEDIAN('Tab. 1 (Patientenbezogen)'!M7,'Tab. 1 (Patientenbezogen)'!M14),2) -> 5.5 | T7: =ROUND(('Tab. 1 (Patientenbezogen)'!M7+'Tab. 1 (Patientenbezogen)'!M14)/R7,2) -> 5.5 | U7: =ROUND(STDEV('Tab. 1 (Patientenbezogen)'!M7,'Tab. 1 (Patientenbezogen)'!M14),2) -> 0.71 | V7: =COUNT('Tab. 1 (Patientenbezogen)'!N7,'Tab. 1 (Patientenbezogen)'!N8,'Tab. 1 (Patientenbezogen)'!N13,'Tab. 1 (Patientenbezogen)'!N14) -> 4 | W7: =ROUND(MEDIAN('Tab. 1 (Patientenbezogen)'!O7,'Tab. 1 (Patientenbezogen)'!O8,'Tab. 1 (Patientenbezogen)'!O13,'Tab. 1 (Patientenbezogen)'!O14),2) -> 3 | X7: =ROUND(('Tab. 1 (Patientenbezogen)'!O5+'Tab. 1 (Patientenbezogen)'!O6+'Tab. 1 (Patientenbezogen)'!O10+'Tab. 1 (Patientenbezogen)'!O11)/V7,2) -> 4.25 | Y7: =ROUND(STDEV('Tab. 1 (Patientenbezogen)'!O5,'Tab. 1 (Patientenbezogen)'!O6,'Tab. 1 (Patientenbezogen)'!O10,'Tab. 1 (Patientenbezogen)'!O11),2) -> 1.5
A8: normales Telemonitoring | B8: TMZ_HI | C8: 2023 | D8: 17 | E8: 17-87H5 | F8: 3 | G8: =COUNT('Tab. 1 (Patientenbezogen)'!F5,'Tab. 1 (Patientenbezogen)'!F6,'Tab. 1 (Patientenbezogen)'!F10,'Tab. 1 (Patientenbezogen)'!F14) -> 4 | H8: =COUNT('Tab. 1 (Patientenbezogen)'!H5,'Tab. 1 (Patientenbezogen)'!H14) -> 2 | I8: =ROUND(MEDIAN('Tab. 1 (Patientenbezogen)'!I5:I6,'Tab. 1 (Patientenbezogen)'!I10,'Tab. 1 (Patientenbezogen)'!I14),1) -> 81.5 | J8: =ROUND(('Tab. 1 (Patientenbezogen)'!I5+'Tab. 1 (Patientenbezogen)'!I6+'Tab. 1 (Patientenbezogen)'!I10+'Tab. 1 (Patientenbezogen)'!I14)/G8,2) -> 82.25 | K8: =ROUND(STDEV('Tab. 1 (Patientenbezogen)'!I5:I6,'Tab. 1 (Patientenbezogen)'!I10,'Tab. 1 (Patientenbezogen)'!I14),2) -> 9.25 | L8: =ROUND(MEDIAN('Tab. 1 (Patientenbezogen)'!J5:J6,'Tab. 1 (Patientenbezogen)'!J10,'Tab. 1 (Patientenbezogen)'!J14),2) -> 0.91 | M8: =ROUND(('Tab. 1 (Patientenbezogen)'!J5+'Tab. 1 (Patientenbezogen)'!J6+'Tab. 1 (Patientenbezogen)'!J10+'Tab. 1 (Patientenbezogen)'!J14)/G8,2) -> 0.9 | N8: =ROUND(STDEV('Tab. 1 (Patientenbezogen)'!J5:J6,'Tab. 1 (Patientenbezogen)'!J10,'Tab. 1 (Patientenbezogen)'!J14),2) -> 0.09 | O8: =ROUND(MEDIAN('Tab. 1 (Patientenbezogen)'!K5:K6,'Tab. 1 (Patientenbezogen)'!K10,'Tab. 1 (Patientenbezogen)'!K14),2) -> 15 | P8: =ROUND(('Tab. 1 (Patientenbezogen)'!K5+'Tab. 1 (Patientenbezogen)'!K6+'Tab. 1 (Patientenbezogen)'!K10+'Tab. 1 (Patientenbezogen)'!K14)/G8,2) -> 16 | Q8: =ROUND(STDEV('Tab. 1 (Patientenbezogen)'!K5:K6,'Tab. 1 (Patientenbezogen)'!K10,'Tab. 1 (Patientenbezogen)'!K14),2) -> 16.37 | R8: =COUNT('Tab. 1 (Patientenbezogen)'!L5,'Tab. 1 (Patientenbezogen)'!L10,'Tab. 1 (Patientenbezogen)'!L14) -> 3 | S8: =ROUND(MEDIAN('Tab. 1 (Patientenbezogen)'!M5,'Tab. 1 (Patientenbezogen)'!M10,'Tab. 1 (Patientenbezogen)'!M14),2) -> 6 | T8: =ROUND(('Tab. 1 (Patientenbezogen)'!M5+'Tab. 1 (Patientenbezogen)'!M10+'Tab. 1 (Patientenbezogen)'!M14)/R8,2) -> 4.67 | U8: =ROUND(STDEV('Tab. 1 (Patientenbezogen)'!M5,'Tab. 1 (Patientenbezogen)'!M10,'Tab. 1 (Patientenbezogen)'!M14),2) -> 4.16 | V8: =COUNT('Tab. 1 (Patientenbezogen)'!N5,'Tab. 1 (Patientenbezogen)'!N6,'Tab. 1 (Patientenbezogen)'!N10,'Tab. 1 (Patientenbezogen)'!N14) -> 4 | W8: =ROUND(MEDIAN('Tab. 1 (Patientenbezogen)'!O5,'Tab. 1 (Patientenbezogen)'!O6,'Tab. 1 (Patientenbezogen)'!O10,'Tab. 1 (Patientenbezogen)'!O14),2) -> 3 | X8: =ROUND(('Tab. 1 (Patientenbezogen)'!O5+'Tab. 1 (Patientenbezogen)'!O6+'Tab. 1 (Patientenbezogen)'!O10+'Tab. 1 (Patientenbezogen)'!O14)/V8,2) -> 3 | Y8: =ROUND(STDEV('Tab. 1 (Patientenbezogen)'!O5,'Tab. 1 (Patientenbezogen)'!O6,'Tab. 1 (Patientenbezogen)'!O10,'Tab. 1 (Patientenbezogen)'!O14),2) -> 1.63
A9: intensiviertes Telemonitoring | B9: TMZ_HI | C9: 2023 | D9: 17 | E9: 17-87H5 | F9: 4 | G9: =COUNT('Tab. 1 (Patientenbezogen)'!G7:G9,'Tab. 1 (Patientenbezogen)'!G11,'Tab. 1 (Patientenbezogen)'!G12,'Tab. 1 (Patientenbezogen)'!G13) -> 6 | H9: =COUNT('Tab. 1 (Patientenbezogen)'!H8:H9,'Tab. 1 (Patientenbezogen)'!H11) -> 3 | I9: =ROUND(MEDIAN('Tab. 1 (Patientenbezogen)'!I7:I9,'Tab. 1 (Patientenbezogen)'!I11,'Tab. 1 (Patientenbezogen)'!I12,'Tab. 1 (Patientenbezogen)'!I13),1) -> 66.5 | J9: =ROUND(('Tab. 1 (Patientenbezogen)'!I7+'Tab. 1 (Patientenbezogen)'!I8+'Tab. 1 (Patientenbezogen)'!I9+'Tab. 1 (Patientenbezogen)'!I11+'Tab. 1 (Patientenbezogen)'!I12+'Tab. 1 (Patientenbezogen)'!I13)/G9,2) -> 66.83 | K9: =ROUND(STDEV('Tab. 1 (Patientenbezogen)'!I7:I9,'Tab. 1 (Patientenbezogen)'!I11,'Tab. 1 (Patientenbezogen)'!I12,'Tab. 1 (Patientenbezogen)'!I13),2) -> 15.14 | L9: =ROUND(MEDIAN('Tab. 1 (Patientenbezogen)'!J7:J9,'Tab. 1 (Patientenbezogen)'!J11,'Tab. 1 (Patientenbezogen)'!J12,'Tab. 1 (Patientenbezogen)'!J13),2) -> 0.81 | M9: =ROUND(('Tab. 1 (Patientenbezogen)'!J7+'Tab. 1 (Patientenbezogen)'!J8+'Tab. 1 (Patientenbezogen)'!J9+'Tab. 1 (Patientenbezogen)'!J11+'Tab. 1 (Patientenbezogen)'!J12+'Tab. 1 (Patientenbezogen)'!J13)/G9,2) -> 0.75 | N9: =ROUND(STDEV('Tab. 1 (Patientenbezogen)'!J7:J9,'Tab. 1 (Patientenbezogen)'!J11,'Tab. 1 (Patientenbezogen)'!J12,'Tab. 1 (Patientenbezogen)'!J13),2) -> 0.25 | O9: =ROUND(MEDIAN('Tab. 1 (Patientenbezogen)'!K7:K9,'Tab. 1 (Patientenbezogen)'!K11:K13),2) -> 4.5 | P9: =ROUND(('Tab. 1 (Patientenbezogen)'!K7+'Tab. 1 (Patientenbezogen)'!K8+'Tab. 1 (Patientenbezogen)'!K9+'Tab. 1 (Patientenbezogen)'!K11+'Tab. 1 (Patientenbezogen)'!K12+'Tab. 1 (Patientenbezogen)'!K13)/G9,2) -> 11.5 | Q9: =ROUND(STDEV('Tab. 1 (Patientenbezogen)'!K7:K9,'Tab. 1 (Patientenbezogen)'!K11:K13),2) -> 14.02 | R9: =COUNT('Tab. 1 (Patientenbezogen)'!L7,'Tab. 1 (Patientenbezogen)'!L9,'Tab. 1 (Patientenbezogen)'!L12) -> 3 | S9: =ROUND(MEDIAN('Tab. 1 (Patientenbezogen)'!M7,'Tab. 1 (Patientenbezogen)'!M9,'Tab. 1 (Patientenbezogen)'!M12),2) -> 5 | T9: =ROUND(('Tab. 1 (Patientenbezogen)'!M7+'Tab. 1 (Patientenbezogen)'!M9+'Tab. 1 (Patientenbezogen)'!M12)/R9,2) -> 5 | U9: =ROUND(STDEV('Tab. 1 (Patientenbezogen)'!M7,'Tab. 1 (Patientenbezogen)'!M9,'Tab. 1 (Patientenbezogen)'!M12),2) -> 2 | V9: =COUNT('Tab. 1 (Patientenbezogen)'!N7,'Tab. 1 (Patientenbezogen)'!N8,'Tab. 1 (Patientenbezogen)'!N11,'Tab. 1 (Patientenbezogen)'!N13) -> 4 | W9: =ROUND(MEDIAN('Tab. 1 (Patientenbezogen)'!O7,'Tab. 1 (Patientenbezogen)'!O8,'Tab. 1 (Patientenbezogen)'!O11,'Tab. 1 (Patientenbezogen)'!O13),2) -> 3.5 | X9: =ROUND(('Tab. 1 (Patientenbezogen)'!O7+'Tab. 1 (Patientenbezogen)'!O8+'Tab. 1 (Patientenbezogen)'!O11+'Tab. 1 (Patientenbezogen)'!O13)/V9,2) -> 4 | Y9: =ROUND(STDEV('Tab. 1 (Patientenbezogen)'!O7,'Tab. 1 (Patientenbezogen)'!O8,'Tab. 1 (Patientenbezogen)'!O11,'Tab. 1 (Patientenbezogen)'!O13),2) -> 1.41
A10: Md = Median; MW = Mittelwert; SD = Standardabweichung, Angabe nur für Mittelwert
A12: Zahlenformat | B12: Festwert = TMZ_HI | C12: Jahresangabe | D12: zweistellige KV-Nr mit führender Null (Nummer gemäß KV-Verzeichnis (https://applications.kbv.de/S_KBV_KV_V1.06.xhtml) vorhanden.) | E12: - 7-stelliges alphanumerisches Pseu-donym vorhanden - 2-stelliger Schlüssel Feld Nr. 02, gefolgt von einem Minuszeichen, gefolgt von einem 4-stelligen alpha-numerischen Zufallskennzeichen | F12: 1: Telemonitoring mit Im-plantaten 2: Telemonitoring mit externen Geräten 3: normales Telemonitoring 4: intensiviertes Telemonitoring | G12: maximal fünfstellige Zahl ohne führende Nullen (Beispiel: 533) | H12: maximal fünfstellige Zahl ohne führende Nullen (Beispiel: 34) | I12: zweistellige Zahl mit einer Nach-kommastelle, ohne führende Nullen (es wird kaufmännisch gerundet) | J12: zweistellige Zahl mit 2 Nachkommas-tellen, ohne führende Nullen (es wird kaufmännisch gerundet) | K12: zweistellige Zahl mit 2 Nachkommastellen, ohne führende Nullen (es wird kaufmännisch gerundet) | L12: maximal einstellige Zahl mit 2 Nach-kommastellen, ohne führende Nullen (es wird kaufmännisch gerundet) | M12: maximal einstellige Zahl mit 2 Nach-kommastellen, ohne führende Nullen (es wird kaufmännisch gerundet) | N12: maximal einstellige Zahl mit 2 Nach-kommastellen, ohne führende Nullen (es wird kaufmännisch gerundet) | O12: maximal dreistellige Zahl mit 2 Nach-kommastellen, ohne führende Nullen (es wird kaufmännisch gerundet) | P12: maximal dreistellige Zahl mit 2 Nach-kommastellen, ohne führende Nullen (es wird kaufmännisch gerundet) | Q12: maximal dreistellige Zahl mit 2 Nach-kommastellen, ohne führende Nullen (es wird kaufmännisch gerundet) | R12: maximal fünfstellige Zahl ohne führende Nullen | S12: maximal fünfstellige Zahl mit 2 Nachkommastellen, ohne führende Nullen (es wird kaufmännisch gerundet) | T12: maximal fünfstellige Zahl mit 2 Nachkommastellen, ohne führende Nullen (es wird kaufmännisch gerundet) | U12: maximal fünfstellige Zahl mit 2 Nachkommastellen, ohne führende Nullen (es wird kaufmännisch gerundet) | V12: maximal fünfstellige Zahl ohne führende Nullen (bei mehr als 2 Nachkommastellen wird kaufmännich gerundet) | W12: maximal fünfstellige Zahl mit 2 Nachkommastellen, ohne führende Nullen (es wird kaufmännisch gerundet) | X12: maximal fünfstellige Zahl mit 2 Nachkommastellen, ohne führende Nullen (es wird kaufmännisch gerundet) | Y12: maximal fünfstellige Zahl mit 2 Nachkommastellen, ohne führende Nullen (es wird kaufmännisch gerundet)
